v_gene	cdr2seq	cdr2_rev
IGHV1-2	ATCAACCCTAACAGTGGTGGCACA	TGTGCCACCACTGTTAGGGTTGAT
IGHV1-3	ATCAACGCTGGCAATGGTAACACA	TGTGTTACCATTGCCAGCGTTGAT
IGHV1-8	ATGAACCCTAACAGTGGTAACACA	TGTGTTACCACTGTTAGGGTTCAT
IGHV1-18	ATCAGCGCTTACAATGGTAACACA	TGTGTTACCATTGTAAGCGCTGAT
IGHV1-24	TTTGATCCTGAAGATGGTGAAACA	TGTTTCACCATCTTCAGGATCAAA
IGHV1-38-4	ATCAACCCTGGCAATGGTAGCCCA	TGGGCTACCATTGCCAGGGTTGAT
IGHV1-45	ATCACACCTTTCAATGGTAACACC	GGTGTTACCATTGAAAGGTGTGAT
IGHV1-46	ATCAACCCTAGTGGTGGTAGCACA	TGTGCTACCACCACTAGGGTTGAT
IGHV1-58	ATCGTCGTTGGCAGTGGTAACACA	TGTGTTACCACTGCCAACGACGAT
IGHV1-68	ATCACACTTTACAATGGTAACACC	GGTGTTACCATTGTAAAGTGTGAT
IGHV1-69	ATCATCCCTATCTTTGGTACAGCA	TGCTGTACCAAAGATAGGGATGAT
IGHV1-69-2	GTTGATCCTGAAGATGGTGAAACA	TGTTTCACCATCTTCAGGATCAAC
IGHV2-5	ATTTATTGGAATGATGATAAG	CTTATCATCATTCCAATAAAT
IGHV2-26	ATTTTTTCGAATGACGAAAAA	TTTTTCGTCATTCGAAAAAAT
IGHV2-70	ATTGATTGGGATGATGATAAA	TTTATCATCATCCCAATCAAT
IGHV3-7	ATAAAGCAAGATGGAAGTGAGAAA	TTTCTCACTTCCATCTTGCTTTAT
IGHV3-9	ATTAGTTGGAATAGTGGTAGCATA	TATGCTACCACTATTCCAACTAAT
IGHV3-11	ATTAGTAGTAGTGGTAGTACCATA	TATGGTACTACCACTACTACTAAT
IGHV3-13	ATTGGTACTGCTGGTGACACA	TGTGTCACCAGCAGTACCAAT
IGHV3-15	ATTAAAAGCAAAACTGATGGTGGGACAACA	TGTTGTCCCACCATCAGTTTTGCTTTTAAT
IGHV3-16	GTTAGTTGGAATGGCAGTAGGACG	CGTCCTACTGCCATTCCAACTAAC
IGHV3-19	GTTAGTTGGAATGGCAGTAGGACG	CGTCCTACTGCCATTCCAACTAAC
IGHV3-20	ATTAATTGGAATGGTGGTAGCACA	TGTGCTACCACCATTCCAATTAAT
IGHV3-21	ATTAGTAGTAGTAGTAGTTACATA	TATGTAACTACTACTACTACTAAT
IGHV3-22	ATTAGAAACAAAGCTAATGGTGGGACAACA	TGTTGTCCCACCATTAGCTTTGTTTCTAAT
IGHV3-23	ATTAGTGGTAGTGGTGGTAGCACA	TGTGCTACCACCACTACCACTAAT
IGHV3-25	GTTAATCCTAATGGGGGTAGCACA	TGTGCTACCCCCATTAGGATTAAC
IGHV3-29	ATAAAAGATGATGGAAGTCAGATA	TATCTGACTTCCATCATCTTTTAT
IGHV3-30(5)	ATATCATATGATGGAAGTAATAAA	TTTATTACTTCCATCATATGATAT
IGHV3-30-2	ATACAGTGTGATGGAAGTCAGATA	TATCTGACTTCCATCACACTGTAT
IGHV3-30-3	ATATCATATGATGGAAGCAATAAA	TTTATTGCTTCCATCATATGATAT
IGHV3-30-22	ATAAAAGATGATGGAAGTCAGATA	TATCTGACTTCCATCATCTTTTAT
IGHV3-30-33	ATACAGTGTGATGGAAGTCAGATA	TATCTGACTTCCATCACACTGTAT
IGHV3-30-42	ATAAAAGATGATGGAAGTCAGATA	TATCTGACTTCCATCATCTTTTAT
IGHV3-30-52	ATACAGTGTGATGGAAGTCAGATA	TATCTGACTTCCATCACACTGTAT
IGHV3-32	ATAAAAGATGATGGAAGTCAGATA	TATCTGACTTCCATCATCTTTTAT
IGHV3-33	ATATGGTATGATGGAAGTAATAAA	TTTATTACTTCCATCATACCATAT
IGHV3-33-2	ATACAGTGTGATGGAAGTCAGATA	TATCTGACTTCCATCACACTGTAT
IGHV3-35	GTTAGTTGGAATGGCAGTAGGACG	CGTCCTACTGCCATTCCAACTAAC
IGHV3-38	ATTAGTGGTGGTAGCACA	TGTGCTACCACCACTAAT
IGHV3-38-3	ATTAGTGGTGGTAGCACA	TGTGCTACCACCACTAAT
IGHV3-41	ATCTGGAATGATGGAAGTCAGAAA	TTTCTGACTTCCATCATTCCAGAT
IGHV3-43	ATTAGTTGGGATGGTGGTAGCACA	TGTGCTACCACCATCCCAACTAAT
IGHV3-47	ATTGGTACTGGTGGTGATACA	TGTATCACCACCAGTACCAAT
IGHV3-48	ATTAGTAGTAGTAGTAGTACCATA	TATGGTACTACTACTACTACTAAT
IGHV3-49	ATTAGAAGCAAAGCTTATGGTGGGACAACA	TGTTGTCCCACCATAAGCTTTGCTTCTAAT
IGHV3-52	ATAAAGTGTGACGGAAGTGAGAAA	TTTCTCACTTCCGTCACACTTTAT
IGHV3-53	ATTTATAGCGGTGGTAGCACA	TGTGCTACCACCGCTATAAAT
IGHV3-62	ATTAGTACAAGTGGTGATACCGTA	TACGGTATCACCACTTGTACTAAT
IGHV3-63	GTAAAATATGATGGAAGTCAGATA	TATCTGACTTCCATCATATTTTAC
IGHV3-64	ATTAGTAGTAATGGGGGTAGCACA	TGTGCTACCCCCATTACTACTAAT
IGHV3-66	ATTTATAGCGGTGGTAGCACA	TGTGCTACCACCGCTATAAAT
IGHV3-69	ATTAGTAGTAGTAGTACCATA	TATGGTACTACTACTACTAAT
IGHV3-71	ATTAGAAACAAAGCTAATGGTGGGACAACA	TGTTGTCCCACCATTAGCTTTGTTTCTAAT
IGHV3-72	ACTAGAAACAAAGCTAACAGTTACACCACA	TGTGGTGTAACTGTTAGCTTTGTTTCTAGT
IGHV3-73	ATTAGAAGCAAAGCTAACAGTTACGCGACA	TGTCGCGTAACTGTTAGCTTTGCTTCTAAT
IGHV3-74	ATTAATAGTGATGGGAGTAGCACA	TGTGCTACTCCCATCACTATTAAT
IGHV3-NL1	ATTTATAGCGGTGGTAGTAGCACA	TGTGCTACTACCACCGCTATAAAT
IGHV4-4	ATCTATCATAGTGGGAGCACC	GGTGCTCCCACTATGATAGAT
IGHV4-28	ATCTATTATAGTGGGAGCACC	GGTGCTCCCACTATAATAGAT
IGHV4-30-2	ATCTATCATAGTGGGAGCACC	GGTGCTCCCACTATGATAGAT
IGHV4-30-4	ATCTATTACAGTGGGAGCACC	GGTGCTCCCACTGTAATAGAT
IGHV4-31	ATCTATTACAGTGGGAGCACC	GGTGCTCCCACTGTAATAGAT
IGHV4-34	ATCAATCATAGTGGAAGCACC	GGTGCTTCCACTATGATTGAT
IGHV4-38	ATCTATCATAGTGGGAGCACC	GGTGCTCCCACTATGATAGAT
IGHV4-39	ATCTATTATAGTGGGAGCACC	GGTGCTCCCACTATAATAGAT
IGHV4-55	ATCCATCATAGTGGGAGCACC	GGTGCTCCCACTATGATGGAT
IGHV4-59	ATCTATTACAGTGGGAGCACC	GGTGCTCCCACTGTAATAGAT
IGHV4-61	ATCTATTACAGTGGGAGCACC	GGTGCTCCCACTGTAATAGAT
IGHV5-10	ATTGATCCTAGTGACTCTTATACC	GGTATAAGAGTCACTAGGATCAAT
IGHV5-51	ATCTATCCTGGTGACTCTGATACC	GGTATCAGAGTCACCAGGATAGAT
IGHV6-1	ACATACTACAGGTCCAAGTGGTATAAT	ATTATACCACTTGGACCTGTAGTATGT
IGHV7-4	ATCAACACCAACACTGGGAACCCA	TGGGTTCCCAGTGTTGGTGTTGAT
IGHV7-34	ATCATCACCTACACTGGGAACCCA	TGGGTTCCCAGTGTAGGTGATGAT
IGHV7-81	TTCAACACCTACACTGGGAACCCA	TGGGTTCCCAGTGTAGGTGTTGAA
IGHV8-51	ATATGGCGTAGTGAAAGTCATCAA	TTGATGACTTTCACTACGCCATAT
IGKV1-5	GATGCCTCC	GGAGGCATC
IGKV1-6	GCTGCATCC	GGATGCAGC
IGKV1-8	GCTGCATCC	GGATGCAGC
IGKV1D-8	GCTGCATCC	GGATGCAGC
IGKV1-9	GCTGCATCC	GGATGCAGC
IGKV1-12	GCTGCATCC	GGATGCAGC
IGKV1D-12	GCTGCATCC	GGATGCAGC
IGKV1-13	GATGCCTCC	GGAGGCATC
IGKV1D-13	GATGCCTCC	GGAGGCATC
IGKV1-16	GCTGCATCC	GGATGCAGC
IGKV1D-16	GCTGCATCC	GGATGCAGC
IGKV1-17	GCTGCATCC	GGATGCAGC
IGKV1D-17	GCTGCATCC	GGATGCAGC
IGKV1-27	GCTGCATCC	GGATGCAGC
IGKV1-33	GATGCCTCC	GGAGGCATC
IGKV1D-33	GATGCCTCC	GGAGGCATC
IGKV1-37	AGTGCATCC	GGATGCACT
IGKV1D-37	AGTGCATCC	GGATGCACT
IGKV1-39	GCTGCATCC	GGATGCAGC
IGKV1D-39	GCTGCATCC	GGATGCAGC
IGKV1-NL1	GCTGCATCC	GGATGCAGC
IGKV1D-42	GATGCAAAA	TTTTGCATC
IGKV1D-43	TATGCATCC	GGATGCATA
IGKV2-4	ACAATTTCT	AGAAATTGT
IGKV2-18	AGGGTTTCC	GGAAACCCT
IGKV2D-18	AGGGTTTCC	GGAAACCCT
IGKV2-24	AAGATTTCT	AGAAATCTT
IGKV2D-24	AAGATTTCT	AGAAATCTT
IGKV2-28	TTGGGTTCT	AGAACCCAA
IGKV2D-28	TTGGGTTCT	AGAACCCAA
IGKV2-29	GAAGTTTCC	GGAAACTTC
IGKV2D-29	GAAGTTTCC	GGAAACTTC
IGKV2-30	AAGGTTTCT	AGAAACCTT
IGKV2D-30	AAGGTTTCT	AGAAACCTT
IGKV2-40	ACGCTTTCC	GGAAAGCGT
IGKV2D-40	ACGCTTTCC	GGAAAGCGT
IGKV2D-26	GAAGTTTCC	GGAAACTTC
IGKV3-7	GGTGCATCC	GGATGCACC
IGKV3D-7	GGTGCATCC	GGATGCACC
IGKV3-11	GATGCATCC	GGATGCATC
IGKV3D-11	GATGCATCC	GGATGCATC
IGKV3-15	GGTGCATCC	GGATGCACC
IGKV3D-15	GGTGCATCC	GGATGCACC
IGKV3-20	GGTGCATCC	GGATGCACC
IGKV3D-20	GGTGCATCC	GGATGCACC
IGKV4-1	TGGGCATCT	AGATGCCCA
IGKV5-2	GAAGCTACT	AGTAGCTTC
IGKV6-21	TATGCTTCC	GGAAGCATA
IGKV6D-21	TATGCTTCC	GGAAGCATA
IGKV6D-41	TATGCTTCC	GGAAGCATA
IGKV7-3	CAAGCATCC	GGATGCTTG
IGLV1-36	TATGATGAT	ATCATCATA
IGLV1-40	GGTAACAGC	GCTGTTACC
IGLV1-41	GAAAATAAT	ATTATTTTC
IGLV1-44	AGTAATAAT	ATTATTACT
IGLV1-47	AGGAATAAT	ATTATTCCT
IGLV1-50	GGTAACAGC	GCTGTTACC
IGLV1-51	GACAATAAT	ATTATTGTC
IGLV1-62	GGTGATAAG	CTTATCACC
IGLV2-5	AATGTCAAT	ATTGACATT
IGLV2-8	GAGGTCAGT	ACTGACCTC
IGLV2-11	GATGTCAGT	ACTGACATC
IGLV2-14	GAGGTCAGT	ACTGACCTC
IGLV2-18	GAGGTCAGT	ACTGACCTC
IGLV2-23	GAGGGCAGT	ACTGCCCTC
IGLV2-33	AATGTCAAT	ATTGACATT
IGLV2-34	GATGTCGCT	AGCGACATC
IGLV3-1	CAAGATAGC	GCTATCTTG
IGLV3-9	AGGGATAGC	GCTATCCCT
IGLV3-10	GAGGACAGC	GCTGTCCTC
IGLV3-12	AGCGATAGC	GCTATCGCT
IGLV3-13	AAAGATGGT	ACCATCTTT
IGLV3-16	AAAGACAGC	GCTGTCTTT
IGLV3-19	GGTAAAAAC	GTTTTTACC
IGLV3-21	TATGATAGC	GCTATCATA
IGLV3-22	GAAGATAGT	ACTATCTTC
IGLV3-25	AAAGACAGT	ACTGTCTTT
IGLV3-27	AAAGACAGT	ACTGTCTTT
IGLV3-31	CTTAACAGT	ACTGTTAAG
IGLV3-32	GATAGCAGT	ACTGCTATC
IGLV4-3	GTTAAGAGTGATGGCAGCCAC	GTGGCTGCCATCACTCTTAAC
IGLV4-60	CTTGAAGGTAGTGGAAGCTAC	GTAGCTTCCACTACCTTCAAG
IGLV4-69	CTTAACAGTGATGGCAGCCAC	GTGGCTGCCATCACTGTTAAG
IGLV5-37	TACTACTCAGACTCAGATAAG	CTTATCTGAGTCTGAGTAGTA
IGLV5-39	TACAAATCAGACTCAGATAAG	CTTATCTGAGTCTGATTTGTA
IGLV5-45	TACAAATCAGACTCAGATAAG	CTTATCTGAGTCTGATTTGTA
IGLV5-48	TACTACTCAGACTCAAGTAAG	CTTACTTGAGTCTGAGTAGTA
IGLV5-52	TACCACTCAGACTCCAATAAG	CTTATTGGAGTCTGAGTGGTA
IGLV6-57	GAGGATAAC	GTTATCCTC
IGLV7-43	AGTACAAGC	GCTTGTACT
IGLV7-46	GATACAAGC	GCTTGTATC
IGLV8-61	AGCACAAAC	GTTTGTGCT
IGLV9-49	GTGGGCACTGGTGGGATTGTGGGA	TCCCACAATCCCACCAGTGCCCAC
IGLV10-54	AGGAATAAC	GTTATTCCT
IGLV11-55	CACTACTCAGACTCAGACAAG	CTTGTCTGAGTCTGAGTAGTG
TRAV1-1	AATGCTCTGGATGGTTTG	CAAACCATCCAGAGCATT
TRAV1-2	AATGTTCTGGATGGTTTG	CAAACCATCCAGAACATT
TRAV2	GGCTCAAAGCCT	AGGCTTTGAGCC
TRAV3	TACATCACAGGGGATAACCTGGTT	AACCAGGTTATCCCCTGTGATGTA
TRAV4	GGATACAAGACAAAA	TTTTGTCTTGTATCC
TRAV5	ATTTTTTCAAATATGGACATG	CATGTCCATATTTGAAAAAAT
TRAV6	ATACGTGAAAATGAGAAAGAA	TTCTTTCTCATTTTCACGTAT
TRAV7	ATGTATTCAGCTGGATATGAG	CTCATATCCAGCTGAATACAT
TRAV8-1	TACTTTTCAGGGGATCCACTGGTT	AACCAGTGGATCCCCTGAAAAGTA
TRAV8-2	TACACATCAGCGGCCACCCTGGTT	AACCAGGGTGGCCGCTGATGTGTA
TRAV8-3	TACTTTTCAGGAGACACTCTGGTT	AACCAGAGTGTCTCCTGAAAAGTA
TRAV8-4	TACACATCAGCGGCCACCCTGGTT	AACCAGGGTGGCCGCTGATGTGTA
TRAV8-6	TATTTATCAGGATCCACCCTGGTT	AACCAGGGTGGATCCTGATAAATA
TRAV8-7	GACCTAACAGAGGCCACCCAGGTT	AACCTGGGTGGCCTCTGTTAGGTC
TRAV9-1	GCCATGAAGGCCAATGACAAG	CTTGTCATTGGCCTTCATGGC
TRAV9-2	GCCACGAAGGCTGATGACAAG	CTTGTCATCAGCCTTCGTGGC
TRAV10	ATGACTTTCAGTGAGAACACA	TGTGTTCTCACTGAAAGTCAT
TRAV11	ATTCAATCAAGCCAGAAGGAG	CTCCTTCTGGCTTGATTGAAT
TRAV12-1	GTATACTCCAGTGGTAAT	ATTACCACTGGAGTATAC
TRAV12-2	ATATACTCCAATGGTGAC	GTCACCATTGGAGTATAT
TRAV12-3	ACATACTCCAGTGGTAAC	GTTACCACTGGAGTATGT
TRAV13-1	ATTCGTTCAAATGTGGGCGAA	TTCGCCCACATTTGAACGAAT
TRAV13-2	ATTCGTTCAAATATGGACAAA	TTTGTCCATATTTGAACGAAT
TRAV16	CACATCTCTAGA	TCTAGAGATGTG
TRAV17	ATACGTTCAAATGAAAGAGAG	CTCTCTTTCATTTGAACGTAT
TRAV18	AGTTCAGAAAACCAGGAG	CTCCTGGTTTTCTGAACT
TRAV19	CGGAACTCTTTTGATGAGCAAAAT	ATTTTGCTCATCAAAAGAGTTCCG
TRAV20	CTGTATTCAGCTGGGGAAGAA	TTCTTCCCCAGCTGAATACAG
TRAV21	ATTCAGTCAAGTCAGAGAGAG	CTCTCTCTGACTTGACTGAAT
TRAV22	ATTCCCTCAGGGACA	TGTCCCTGAGGGAAT
TRAV24	ATGACTTTAAATGGGGATGAA	TTCATCCCCATTTAAAGTCAT
TRAV25	TTAGTGAAGAGTGGAGAAGTG	CACTTCTCCACTCTTCACTAA
TRAV26-1	GGTCTAAAAAACAAT	ATTGTTTTTTAGACC
TRAV26-2	GGTCTTACAAGCAAT	ATTGCTTGTAAGACC
TRAV27	GTAGTTACGGGTGGAGAAGTG	CACTTCTCCACCCGTAACTAC
TRAV30	TTACTGAAGGGTGGAGAACAG	CTGTTCTCCACCCTTCAGTAA
TRAV34	CTACAGAAAGGTGGGGAAGAG	CTCTTCCCCACCTTTCTGTAG
TRAV35	TTATATAAGGCTGGTGAATTG	CAATTCACCAGCCTTATATAA
TRAV38-1	CAAGAAGCTTATAAGCAACAGAAT	ATTCTGTTGCTTATAAGCTTCTTG
TRAV39	TTGCTATCAAATGGAGCAGTG	CACTGCTCCATTTGATAGCAA
TRAV40	GAGACAATGGAA	TTCCATTGTCTC
TRAV41	CTGAGCTCAGGGAAG	CTTCCCTGAGCTCAG
TRBV1	TACAACTGTAAGGAATTC	GAATTCCTTACAGTTGTA
TRBV2	TTT TAT AATAAT GAA ATC	GAT TTC ATTATT ATA AAA
TRBV3-1	TACAATAATAAGGAGCTC	GAGCTCCTTATTATTGTA
TRBV3-2	TACAGTAACAAGGAGCCA	TGGCTCCTTGTTACTGTA
TRBV4-1	TACAGCTATGAGAAACTC	GAGTTTCTCATAGCTGTA
TRBV4-2	TACAACTTTAAAGAACAG	CTGTTCTTTAAAGTTGTA
TRBV4-3	TACAGTCTTGAAGAACGG	CCGTTCTTCAAGACTGTA
TRBV5-1	TACTTCAGTGAGACACAG	CTGTGTCTCACTGAAGTA
TRBV5-3	TATGCTAATGAGTTAAGG 	 CCTTAACTCATTAGCATA
TRBV5-4	TATTATAGGGAGGAAGAG	CTCTTCCTCCCTATAATA
TRBV5-5	TATTATGAGAAAGAAGAG	CTCTTCTTTCTCATAATA
TRBV5-6	TATTATGAGGAGGAAGAG	CTCTTCCTCCTCATAATA
TRBV5-7	TATTATGAGAAAGAAGAG	CTCTTCTTTCTCATAATA
TRBV5-8	TATGACGAGGGTGAAGAG	CTCTTCACCCTCGTCATA
TRBV6-1	TCAGCTTCTGAGGGTACC	GGTACCCTCAGAAGCTGA
TRBV6-2	TCAGTTGGTGAGGGTACA	TGTACCCTCACCAACTGA
TRBV6-3	TCAGTTGGTGAGGGTACA	TGTACCCTCACCAACTGA
TRBV6-4	TCAAATACTGCAGGTACC	GGTACCTGCAGTATTTGA
TRBV6-5	TCAGTTGGTGCTGGTATC	GATACCAGCACCAACTGA
TRBV6-6	TCAGTTGGTGCTGGTATC	GATACCAGCACCAACTGA
TRBV6-7	TCAGTTGCTGCTGCTCTC	GAGAGCAGCAGCAACTGA
TRBV6-8	TCAGCTGCTGCTGGTACT	AGTACCAGCAGCAGCTGA
TRBV6-9	TCAGTTGCTGCTGGTATC	GATACCAGCAGCAACTGA
TRBV7-1	TTCCAAGGCAAGGATGCA	TGCATCCTTGCCTTGGAA
TRBV7-2	TTCCAAGGCAACAGTGCA	TGCACTGTTGCCTTGGAA
TRBV7-3	TTCCAAGGCACGGGTGCG	CGCACCCGTGCCTTGGAA
TRBV7-4	TCCCAGAGTGATGCTCAA	TTGAGCATCACTCTGGGA
TRBV7-6	TTCAATTATGAAGCCCAA	TTGGGCTTCATAATTGAA
TRBV7-7	TTCAATTATGAAGCTCAA	TTGAGCTTCATAATTGAA
TRBV7-8	TTCCAGAATGAAGCTCAA	TTGAGCTTCATTCTGGAA
TRBV7-9	TTCCAGAATGAAGCTCAA	TTGAGCTTCATTCTGGAA
TRBV9	TATTATAATGGAGAAGAG	CTCTTCTCCATTATAATA
TRBV10-1	TCATATGGTGTTCAAGAC	GTCTTGAACACCATATGA
TRBV10-2	TCAGCAGCTGCTGATATT	AATATCAGCAGCTGCTGA
TRBV10-3	TCATATGGTGTTAAAGAT	ATCTTTAACACCATATGA
TRBV11-1	TTTCAGGATGAGAGTGTA	TACACTCTCATCCTGAAA
TRBV11-2	TTTCAGAATAACGGTGTA	TACACCGTTATTCTGAAA
TRBV11-3	TATGAGAATGAGGAAGCA	TGCTTCCTCATTCTCATA
TRBV12-1	TTCTGCAGCTGGACCCTC	GAGGGTCCAGCTGCAGAA
TRBV12-2	TTCCGGAGCTGATCTATT	AATAGATCAGCTCCGGAA
TRBV12-3	TTTAACAACAACGTTCCG	CGGAACGTTGTTGTTAAA
TRBV12-4	TTTAACAACAACGTTCCG	CGGAACGTTGTTGTTAAA
TRBV12-5	TTCCGCAACCGGGCTCCT	AGGAGCCCGGTTGCGGAA
TRBV13	TTTTATGAAAAGATGCAG	CTGCATCTTTTCATAAAA
TRBV14	TTTGTGAAAGAGTCTAAA	TTTAGACTCTTTCACAAA
TRBV15	TACTATGACAAAGATTTT	AAAATCTTTGTCATAGTA
TRBV16	TTCCAGAATGAAAATGTC	GACATTTTCATTCTGGAA
TRBV17	TTCCAGTACCAAAACATT	AATGTTTTGGTACTGGAA
TRBV18	CTCCAGAAAGAAAATATC	GATATTTTCTTTCTGGAG
TRBV19	TCACAGATAGTAAATGAC	GTCATTTACTATCTGTGA
TRBV20-1	TCCAATGAGGGCTCCAAGGCC	GGCCTTGGAGCCCTCATTGGA
TRBV20/OR9-2	TCCAATGAGGGCTCCGAGGTC	GACCTCGGAGCCCTCATTGGA
TRBV21/OR9-2	TTTCAGAATGAAGAAATT	AATTTCTTCATTCTGAAA
TRBV23-1	TTTCAGAATGAACAAGTT	AACTTGTTCATTCTGAAA
TRBV23/OR9-2	TTTCAGAATGAACAAGTT	AACTTGTTCATTCTGAAA
TRBV24-1	TCCTTTGATGTCAAAGAT	ATCTTTGACATCAAAGGA
TRBV24/OR9-2	TCCTTTGATGTCAAAGAT	ATCTTTGACATCAAAGGA
TRBV25-1	TCCTATGGAGTTAATTCC	GGAATTAACTCCATAGGA
TRBV26	TCACCTGGCACTGGGAGC	GCTCCCAGTGCCAGGTGA
TRBV26/OR9-2	TCACCTGGCACTGGGAGC	GCTCCCAGTGCCAGGTGA
TRBV27	TCAATGAATGTTGAGGTG	CACCTCAACATTCATTGA
TRBV28	TCATATGATGTTAAAATG	CATTTTAACATCATATGA
TRBV29-1	GCAAATCAGGGCTCTGAGGCC	GGCCTCAGAGCCCTGATTTGC
TRBV29/OR9-2	GCAAATCAGGGCTCTGAGGCC	GGCCTCAGAGCCCTGATTTGC
TRBV30	TCCGTTGGTATTGGC	GCCAATACCAACGGA
TRGV1	TATGAACCCTACTACTCCAGGGTT	AACCCTGGAGTAGTAGGGTTCATA
TRGV2	TATGACTCCTACAACTCCAAGGTT	AACCTTGGAGTTGTAGGAGTCATA
TRGV3	TATGACGTCTCCACCGCAAGGGAT	ATCCCTTGCGGTGGAGACGTCATA
TRGV4	TATGACTCCTACACCTCCAGCGTT	AACGCTGGAGGTGTAGGAGTCATA
TRGV5	TATGACGTCTCCAACTCAAAGGAT	ATCCTTTGAGTTGGAGACGTCATA
TRGV5P	TATGAAGTCTCCAACTCAAGGGAT	ATCCCTTGAGTTGGAGACTTCATA
TRGV8	TATGACTCCTACAACTCCAGGGTT	AACCCTGGAGTTGTAGGAGTCATA
TRGV9	ATTTCATATGACGGCACTGTC	GACAGTGCCGTCATATGAAAT
TRGV10	ATTGTCTCAACAAAATCCGCAGCT	AGCTGCGGATTTTGTTGAGACAAT
TRGV11	GTCTTCTTGACAATCTCTGCT	AGCAGAGATTGTCAAGAAGAC
TRGVA	GCCATGTCCAAGTTG	CAACTTGGACATGGC
TRDV1	CAGGGTTCT	AGAACCCTG
TRDV2	GAAAAGGAC	GTCCTTTTC
TRDV3	GGGGATAACAGCAGATCA	TGATCTGCTGTTATCCCC
